household_id,lga,community,household_size,registration_status,validation_status,quality_flag
HH001,Babura,Community_A,5.0,registered,verified,clean
HH002,Babura,Community_B,7.0,registered,verified,clean
HH003,Babura,Community_A,3.0,pending,needs_review,clean
HH004,Babura,Community_C,6.0,registered,verified,clean
HH005,Babura,Community_B,4.0,registered,verified,clean
HH006,Babura,Community_A,,registered,needs_review,review_missing_household_size
HH007,Babura,Community_C,2.0,pending,needs_review,clean
HH008,Babura,Community_B,8.0,registered,verified,clean
HH009,Babura,Community_A,0.0,registered,needs_review,review_invalid_household_size
HH010,Babura,Community_C,5.0,registered,verified,clean
HH011,Babura,Community_B,4.0,registered,verified,clean
HH012,Babura,Community_A,6.0,registered,verified,clean
HH013,Babura,Community_C,3.0,pending,needs_review,clean
HH014,Babura,Community_B,5.0,registered,verified,clean
HH015,Babura,Community_A,4.0,registered,verified,clean
HH016,Babura,Community_C,7.0,registered,verified,clean
HH017,Babura,Community_B,2.0,pending,needs_review,clean
HH018,Babura,Community_A,6.0,registered,verified,clean
HH019,Babura,Community_C,5.0,registered,verified,clean
HH020,Babura,,3.0,registered,verified,review_missing_community
