household_id,lga,community,household_size,registration_status,validation_status
HH001,Babura,Community_A,6,registered,verified
HH002,Babura,Community_A,4,registered,verified
HH003,Babura,Community_B,8,registered,verified
HH004,Babura,Community_B,3,pending,needs_review
HH005,Babura,Community_C,5,registered,verified
HH006,Babura,Community_C,,registered,needs_review
HH007,Babura,Community_A,7,registered,verified
HH008,Babura,Community_B,2,pending,needs_review
HH009,Babura,Community_C,0,registered,needs_review
HH010,Babura,Community_A,5,registered,verified
HH011,Babura,Community_A,4,registered,verified
HH012,Babura,Community_B,9,registered,verified
HH013,Babura,Community_C,6,registered,verified
HH014,Babura,Community_A,3,pending,needs_review
HH015,Babura,Community_B,5,registered,verified
HH016,Babura,Community_C,4,registered,verified
HH017,Babura,Community_A,7,registered,verified
HH018,Babura,Community_B,5,pending,needs_review
HH019,Babura,Community_C,3,registered,verified
HH020,Babura,,6,registered,needs_review
